<?xml version="1.0" encoding="UTF-8" standalone="yes"?>
<addon id="repository.vegas.streams" name="vegas streams" version="0.0.1" provider-name="kodi vegas">
	<extension point="xbmc.addon.repository" name="vegas streams">
		<dir>
			<info compressed="false">https://raw.githubusercontent.com/noobsandnerds/modules4all/master/zips/addons.xml</info>
			<checksum>https://raw.githubusercontent.com/noobsandnerds/modules4all/master/zips/addons.xml.md5</checksum>
			<datadir zip="true">https://raw.githubusercontent.com/noobsandnerds/modules4all/master/zips/</datadir>
		</dir>
		<info compressed="false">https://raw.githubusercontent.com/kodi vegas/repository.vegas.streams/master/zips/addons.xml</info>
		<checksum>https://raw.githubusercontent.com/kodi vegas/repository.vegas.streams/master/zips/addons.xml.md5</checksum>
		<datadir zip="true">https://raw.githubusercontent.com/kodi vegas/repository.vegas.streams/master/zips/</datadir>
	</extension>
	<extension point="xbmc.addon.metadata">
		<summary lang="en">free vegas streams</summary>
		<description lang="en">free streams bought to from kodi vegas</description>
		<genre>livetv,movies,music,sports,tvshows,canadian,uk,usa</genre>
	</extension>
</addon>